feature,importance
crime_index,0.9727677029309509
Hour,0.011676868715314799
domestic_index,0.011128261191482587
District,0.004427167162251549
